image_id,group,canonical_label,content_flags,mean,std,frac_white,frac_black,entropy,primary_qc_status,human_review_required
Case-3-A10-16082-41283,Case-3,NON_TUMOR,NEAR_BLANK;LOW_INFORMATION,237.67141914367676,26.09534954892021,0.9219770431518555,0.0,1.0359624167743307,REVIEW,True
Case-3-A12-1902-25383,Case-3,NON_TUMOR,NEAR_BLANK;LOW_INFORMATION,234.75960636138916,32.16545219074952,0.9019870758056641,0.0,1.2759213337425623,REVIEW,True
Case-3-A12-32477-34353,Case-3,NON_TUMOR,LOW_INFORMATION,232.41349601745605,28.391705532974512,0.827545166015625,0.0,2.833829380630891,REVIEW,True
Case-3-A14-1106-28928,Case-3,NON_TUMOR,LOW_INFORMATION,223.59890937805176,39.161507094073215,0.7551250457763672,0.0,2.646515692684868,REVIEW,True
Case-3-A14-2833-14298,Case-3,NON_TUMOR,NEAR_BLANK;LOW_INFORMATION;VERY_BRIGHT,241.0836877822876,18.3191827329504,0.9381122589111328,0.0,1.0896900248170773,REVIEW,True
Case-3-A14-43856-28803,Case-3,NON_TUMOR,LOW_INFORMATION,225.8852014541626,41.06532345388183,0.8331451416015625,0.0,2.8087716639680407,REVIEW,True
Case-3-A15-2767-11665,Case-3,NON_TUMOR,LOW_INFORMATION,228.9431676864624,36.65367225620175,0.7883062362670898,0.0,2.818721769477467,REVIEW,True
Case-3-A15-5365-37554,Case-3,NON_TUMOR,LOW_INFORMATION,236.38238048553467,21.271699835294054,0.8094644546508789,0.0,2.521121903515878,REVIEW,True
Case-3-A16-5621-4126,Case-3,NECROSIS,NEAR_BLANK;LOW_INFORMATION;VERY_BRIGHT,242.00439453125,14.440835996703104,0.9446544647216797,0.0,1.2457418139975789,REVIEW,True
Case-3-A17-12545-27848,Case-3,NON_TUMOR,LOW_INFORMATION,236.04873657226562,23.7058217267416,0.8223648071289062,9.5367431640625e-07,2.500222290968285,REVIEW,True
Case-3-A17-2310-19149,Case-3,NON_TUMOR,NEAR_BLANK;LOW_INFORMATION;VERY_BRIGHT,240.18957710266113,20.357843553142043,0.9292774200439453,1.9073486328125e-06,1.2813637644081672,REVIEW,True
Case-3-A17-2937-33559,Case-3,NON_TUMOR,LOW_INFORMATION,225.2133502960205,42.83856807066115,0.8171443939208984,0.0,1.9797024870222173,REVIEW,True
Case-3-A17-45279-32496,Case-3,NON_TUMOR,NEAR_BLANK;LOW_INFORMATION,239.96797370910645,20.259810355267117,0.9562206268310547,0.0,1.0407191548351995,REVIEW,True
Case-3-A18-10642-28016,Case-3,NON_TUMOR,LOW_INFORMATION,239.3951063156128,18.568290933542084,0.8870954513549805,3.814697265625e-06,1.6099367927172468,REVIEW,True
Case-3-A18-9485-39729,Case-3,NON_TUMOR,LOW_INFORMATION,216.84187412261963,48.93026836473938,0.7417173385620117,0.0,2.6321106882796856,REVIEW,True
Case-3-A7-7717-26653,Case-3,NECROSIS,LOW_INFORMATION,235.61464023590088,24.963694440660987,0.8264665603637695,1.9073486328125e-06,2.371373950152083,REVIEW,True
Case-3-A8-40090-34133,Case-3,NON_TUMOR,LOW_INFORMATION,235.13507843017578,26.892568895762018,0.8792352676391602,0.0,2.2021042366115315,REVIEW,True
Case-3-A8-6596-2373,Case-3,NECROSIS,LOW_INFORMATION,233.09849643707275,28.12456776925971,0.8111476898193359,0.0,2.4824784493363277,REVIEW,True
Case-4-C21-45309-20604,Case-4,NON_TUMOR,LOW_INFORMATION,232.64233016967773,30.04416762250652,0.8618011474609375,9.5367431640625e-07,2.572552181544776,REVIEW,True
Case-4-C22-12113-23584,Case-4,NECROSIS,LOW_INFORMATION,234.02915287017822,26.561888058529995,0.8317222595214844,0.0,2.9558535002141753,REVIEW,True
Case-4-C24-36061-11151,Case-4,VIABLE_TUMOR,LOW_INFORMATION,230.01353645324707,37.10614685619428,0.8584880828857422,1.9073486328125e-06,2.9224060977867037,NEAR_DUPLICATE_CANDIDATE,True
Case-4-C27-27896-8735,Case-4,NECROSIS,LOW_INFORMATION,229.99915599822998,36.686241638504185,0.8774995803833008,7.62939453125e-06,2.5658348731148344,REVIEW,True
Case-4-C28-36010-11166,Case-4,VIABLE_TUMOR,LOW_INFORMATION,229.87037181854248,37.188434304298056,0.8562793731689453,9.5367431640625e-06,2.948216495463915,NEAR_DUPLICATE_CANDIDATE,True
Case-4-C29-16530-30634,Case-4,NECROSIS,LOW_INFORMATION,236.20465469360352,26.167779273764303,0.8959980010986328,9.5367431640625e-07,2.3137118928483575,REVIEW,True
Case-4-C34-9715-14945,Case-4,NECROSIS,NEAR_BLANK;LOW_INFORMATION,237.16530990600586,24.059192086892487,0.9005184173583984,0.0,2.2664832199857523,REVIEW,True
Case-4-C48-11965-6215,Case-4,NON_TUMOR,NEAR_BLANK;LOW_INFORMATION;VERY_BRIGHT,240.80923175811768,20.783627542996246,0.964564323425293,0.0,1.7300909543003438,REVIEW,True
Case-4-C48-8509-22908,Case-4,NON_TUMOR,LOW_INFORMATION,228.57100200653076,42.35945415684582,0.8641633987426758,9.5367431640625e-07,2.5574596572761576,REVIEW,True
Case-4-C48-8852-15092,Case-4,NON_TUMOR,NEAR_BLANK;LOW_INFORMATION,238.9710168838501,26.566666582361723,0.9480524063110352,1.1444091796875e-05,1.7218703377178954,REVIEW,True
Case-4-C48-9864-11549,Case-4,NON_TUMOR,LOW_INFORMATION,234.68131828308105,29.47060896802045,0.8800592422485352,7.62939453125e-06,2.643450555741271,REVIEW,True
Case-4-C52-9122-11470,Case-4,NON_TUMOR,NEAR_BLANK;LOW_INFORMATION;VERY_BRIGHT,240.45481967926025,18.961567396047155,0.9408464431762695,0.0,1.5008248221311495,REVIEW,True
Case-48-P5-C13-32186-28705,Case-48,NON_TUMOR,NEAR_BLANK;LOW_INFORMATION,235.89334774017334,21.457099468769623,0.9717731475830078,7.915496826171875e-05,2.2079680012940526,REVIEW,True
Case-48-P5-C15-8356-11851,Case-48,NON_TUMOR,LOW_INFORMATION,223.46777439117432,46.40603079762127,0.7793703079223633,0.00010776519775390625,2.87500360367833,REVIEW,True
Case-48-P5-C18-42513-34016,Case-48,NON_TUMOR,LOW_INFORMATION,232.55621337890625,33.950266037835355,0.8842287063598633,9.5367431640625e-07,1.8407547272848859,REVIEW,True
Case-48-P5-C19-53087-27856,Case-48,NON_TUMOR,NEAR_BLANK;LOW_INFORMATION,234.10300159454346,31.483405424390305,0.9052295684814453,9.5367431640625e-07,2.4839386880421936,REVIEW,True
Case-48-P5-C22-4801-12473,Case-48,NON_TUMOR,LOW_INFORMATION,219.80463123321533,44.29608917830849,0.7278947830200195,0.0,2.6698224846299112,REVIEW,True
Case-48-P5-C24-40142-14331,Case-48,NON_TUMOR,NEAR_BLANK;LOW_INFORMATION,237.66946125030518,28.82789577687919,0.9397754669189453,6.4849853515625e-05,1.58015285878345,REVIEW,True
Case-48-P5-C24-5204-12840,Case-48,NON_TUMOR,NEAR_BLANK;LOW_INFORMATION,239.80196285247803,26.28750875475701,0.9461030960083008,2.86102294921875e-06,1.9882411295350015,REVIEW,True
Case-48-P5-C24-7958-14175,Case-48,NON_TUMOR,LOW_INFORMATION,233.96745491027832,36.804199414597164,0.8950958251953125,7.62939453125e-06,2.7071617837686452,REVIEW,True
Case-48-P5-C25-30163-25906,Case-48,NON_TUMOR,LOW_INFORMATION,231.56586742401123,35.53387952396062,0.8384132385253906,1.239776611328125e-05,2.819050669169901,REVIEW,True
P9-B11-21061-24042,P9,NON_TUMOR,LOW_INFORMATION,231.48702144622803,36.94328166520724,0.8892736434936523,0.0,2.487289136079787,REVIEW,True
P9-B11-25615-35242,P9,NON_TUMOR,NEAR_BLANK;LOW_VARIANCE;LOW_INFORMATION;VERY_BRIGHT,243.62313842773438,3.7501600061245393,0.9752321243286133,0.0,1.6356216866247637,REVIEW,True
P9-B11-35165-17386,P9,NON_TUMOR,NEAR_BLANK;LOW_INFORMATION,239.24621677398682,22.243276619477747,0.9617633819580078,0.0,1.7445588923381439,REVIEW,True
P9-B12-3695-15824,P9,NON_TUMOR,LOW_INFORMATION,223.49615669250488,41.27760868933922,0.7714157104492188,0.0,2.9972492425991657,REVIEW,True
P9-B27-19851-11325,P9,NON_TUMOR,LOW_INFORMATION,233.31422519683838,32.76802989560828,0.876739501953125,1.9073486328125e-06,2.4453775612739586,REVIEW,True
P9-B27-19974-33573,P9,NON_TUMOR,NEAR_BLANK;LOW_INFORMATION;VERY_BRIGHT,240.01372814178467,20.620490150606162,0.9632949829101562,0.0,1.2805561438166682,REVIEW,True
P9-B27-7554-23732,P9,NON_TUMOR,LOW_INFORMATION,230.97529220581055,38.81913280320385,0.8701963424682617,9.5367431640625e-07,2.8833216970532263,REVIEW,True
P9-B28-12856-10047,P9,NON_TUMOR,LOW_INFORMATION,233.95927619934082,34.261544683670095,0.8809690475463867,4.76837158203125e-06,2.8881195425445116,REVIEW,True
P9-B28-31966-8742,P9,NON_TUMOR,NEAR_BLANK;LOW_INFORMATION;VERY_BRIGHT,240.16865253448486,18.59630954705305,0.9650812149047852,0.0,2.8698213402456387,REVIEW,True
P9-B34-10040-27730,P9,NON_TUMOR,LOW_INFORMATION,228.99316787719727,36.70414331750174,0.825413703918457,4.76837158203125e-06,2.8684644180645806,REVIEW,True
P9-B34-3963-13771,P9,NON_TUMOR,LOW_INFORMATION,230.2078685760498,38.00036347012048,0.8613052368164062,9.5367431640625e-07,2.410377385300683,REVIEW,True
P9-B34-8406-7688,P9,NON_TUMOR,NEAR_BLANK;LOW_INFORMATION,235.92362880706787,32.57876264455463,0.9270973205566406,0.0,1.88410486534113,REVIEW,True
P9-B35-21019-2866,P9,NON_TUMOR,NEAR_BLANK;LOW_INFORMATION,238.68222045898438,24.724660150420974,0.9301815032958984,1.9073486328125e-06,2.0738914368669845,REVIEW,True
P9-B35-8320-3884,P9,NON_TUMOR,NEAR_BLANK;LOW_INFORMATION,238.45890140533447,27.523090116398972,0.940220832824707,1.9073486328125e-06,1.663503652263421,REVIEW,True
P9-B6-12212-7812,P9,NON_TUMOR,LOW_INFORMATION,229.07067966461182,39.52506152440803,0.8441848754882812,9.5367431640625e-07,2.7891276309542876,REVIEW,True
P9-B6-17146-14469,P9,NON_TUMOR,NEAR_BLANK;LOW_INFORMATION,237.691162109375,26.326884054262052,0.9334554672241211,0.0,1.80099243464914,REVIEW,True
P9-B6-23429-20864,P9,NON_TUMOR,NEAR_BLANK;LOW_INFORMATION,237.0425329208374,27.14474503600062,0.9373693466186523,9.5367431640625e-07,2.6420341684085167,REVIEW,True
P9-B6-2451-23298,P9,NON_TUMOR,LOW_INFORMATION,230.45792293548584,36.382750737635966,0.8595190048217773,0.0,2.4065067516428194,REVIEW,True
P9-B6-5195-29864,P9,NON_TUMOR,LOW_INFORMATION,225.0016326904297,46.37900765682052,0.833277702331543,8.58306884765625e-06,2.5371363728315823,REVIEW,True
P9-B7-4168-28271,P9,NON_TUMOR,LOW_INFORMATION,233.26617813110352,34.62114831253821,0.8913211822509766,0.0,2.3427873365737146,REVIEW,True
