image_id,group,canonical_label,primary_qc_status,content_flags,byte_dup,pixel_dup,near_dup,cross_group_leakage,label_conflict,retrieval_status,decode_ok
Case-3-A10-16082-41283,Case-3,NON_TUMOR,REVIEW,NEAR_BLANK;LOW_INFORMATION,False,False,False,False,False,RETRIEVED,True
Case-3-A12-12706-7126,Case-3,NECROSIS,NEAR_DUPLICATE_CANDIDATE,,False,False,True,False,False,RETRIEVED,True
Case-3-A12-1902-25383,Case-3,NON_TUMOR,REVIEW,NEAR_BLANK;LOW_INFORMATION,False,False,False,False,False,RETRIEVED,True
Case-3-A12-32477-34353,Case-3,NON_TUMOR,REVIEW,LOW_INFORMATION,False,False,False,False,False,RETRIEVED,True
Case-3-A14-1106-28928,Case-3,NON_TUMOR,REVIEW,LOW_INFORMATION,False,False,False,False,False,RETRIEVED,True
Case-3-A14-2833-14298,Case-3,NON_TUMOR,REVIEW,NEAR_BLANK;LOW_INFORMATION;VERY_BRIGHT,False,False,False,False,False,RETRIEVED,True
Case-3-A14-43856-28803,Case-3,NON_TUMOR,REVIEW,LOW_INFORMATION,False,False,False,False,False,RETRIEVED,True
Case-3-A15-2767-11665,Case-3,NON_TUMOR,REVIEW,LOW_INFORMATION,False,False,False,False,False,RETRIEVED,True
Case-3-A15-5365-37554,Case-3,NON_TUMOR,REVIEW,LOW_INFORMATION,False,False,False,False,False,RETRIEVED,True
Case-3-A16-12753-7173,Case-3,NECROSIS,NEAR_DUPLICATE_CANDIDATE,,False,False,True,False,False,RETRIEVED,True
Case-3-A16-5621-4126,Case-3,NECROSIS,REVIEW,NEAR_BLANK;LOW_INFORMATION;VERY_BRIGHT,False,False,False,False,False,RETRIEVED,True
Case-3-A17-12545-27848,Case-3,NON_TUMOR,REVIEW,LOW_INFORMATION,False,False,False,False,False,RETRIEVED,True
Case-3-A17-2310-19149,Case-3,NON_TUMOR,REVIEW,NEAR_BLANK;LOW_INFORMATION;VERY_BRIGHT,False,False,False,False,False,RETRIEVED,True
Case-3-A17-2937-33559,Case-3,NON_TUMOR,REVIEW,LOW_INFORMATION,False,False,False,False,False,RETRIEVED,True
Case-3-A17-45279-32496,Case-3,NON_TUMOR,REVIEW,NEAR_BLANK;LOW_INFORMATION,False,False,False,False,False,RETRIEVED,True
Case-3-A18-10642-28016,Case-3,NON_TUMOR,REVIEW,LOW_INFORMATION,False,False,False,False,False,RETRIEVED,True
Case-3-A18-9485-39729,Case-3,NON_TUMOR,REVIEW,LOW_INFORMATION,False,False,False,False,False,RETRIEVED,True
Case-3-A7-7717-26653,Case-3,NECROSIS,REVIEW,LOW_INFORMATION,False,False,False,False,False,RETRIEVED,True
Case-3-A8-40090-34133,Case-3,NON_TUMOR,REVIEW,LOW_INFORMATION,False,False,False,False,False,RETRIEVED,True
Case-3-A8-6596-2373,Case-3,NECROSIS,REVIEW,LOW_INFORMATION,False,False,False,False,False,RETRIEVED,True
Case-4-C21-45309-20604,Case-4,NON_TUMOR,REVIEW,LOW_INFORMATION,False,False,False,False,False,RETRIEVED,True
Case-4-C22-12113-23584,Case-4,NECROSIS,REVIEW,LOW_INFORMATION,False,False,False,False,False,RETRIEVED,True
Case-4-C24-36061-11151,Case-4,VIABLE_TUMOR,NEAR_DUPLICATE_CANDIDATE,LOW_INFORMATION,False,False,True,False,False,RETRIEVED,True
Case-4-C27-27896-8735,Case-4,NECROSIS,REVIEW,LOW_INFORMATION,False,False,False,False,False,RETRIEVED,True
Case-4-C28-36010-11166,Case-4,VIABLE_TUMOR,NEAR_DUPLICATE_CANDIDATE,LOW_INFORMATION,False,False,True,False,False,RETRIEVED,True
Case-4-C29-16530-30634,Case-4,NECROSIS,REVIEW,LOW_INFORMATION,False,False,False,False,False,RETRIEVED,True
Case-4-C34-9715-14945,Case-4,NECROSIS,REVIEW,NEAR_BLANK;LOW_INFORMATION,False,False,False,False,False,RETRIEVED,True
Case-4-C48-11965-6215,Case-4,NON_TUMOR,REVIEW,NEAR_BLANK;LOW_INFORMATION;VERY_BRIGHT,False,False,False,False,False,RETRIEVED,True
Case-4-C48-8509-22908,Case-4,NON_TUMOR,REVIEW,LOW_INFORMATION,False,False,False,False,False,RETRIEVED,True
Case-4-C48-8852-15092,Case-4,NON_TUMOR,REVIEW,NEAR_BLANK;LOW_INFORMATION,False,False,False,False,False,RETRIEVED,True
Case-4-C48-9864-11549,Case-4,NON_TUMOR,REVIEW,LOW_INFORMATION,False,False,False,False,False,RETRIEVED,True
Case-4-C52-9122-11470,Case-4,NON_TUMOR,REVIEW,NEAR_BLANK;LOW_INFORMATION;VERY_BRIGHT,False,False,False,False,False,RETRIEVED,True
Case-48-P5-C13-32186-28705,Case-48,NON_TUMOR,REVIEW,NEAR_BLANK;LOW_INFORMATION,False,False,False,False,False,RETRIEVED,True
Case-48-P5-C15-8356-11851,Case-48,NON_TUMOR,REVIEW,LOW_INFORMATION,False,False,False,False,False,RETRIEVED,True
Case-48-P5-C18-42513-34016,Case-48,NON_TUMOR,REVIEW,LOW_INFORMATION,False,False,False,False,False,RETRIEVED,True
Case-48-P5-C19-53087-27856,Case-48,NON_TUMOR,REVIEW,NEAR_BLANK;LOW_INFORMATION,False,False,False,False,False,RETRIEVED,True
Case-48-P5-C22-4801-12473,Case-48,NON_TUMOR,REVIEW,LOW_INFORMATION,False,False,False,False,False,RETRIEVED,True
Case-48-P5-C24-40142-14331,Case-48,NON_TUMOR,REVIEW,NEAR_BLANK;LOW_INFORMATION,False,False,False,False,False,RETRIEVED,True
Case-48-P5-C24-5204-12840,Case-48,NON_TUMOR,REVIEW,NEAR_BLANK;LOW_INFORMATION,False,False,False,False,False,RETRIEVED,True
Case-48-P5-C24-7958-14175,Case-48,NON_TUMOR,REVIEW,LOW_INFORMATION,False,False,False,False,False,RETRIEVED,True
Case-48-P5-C25-30163-25906,Case-48,NON_TUMOR,REVIEW,LOW_INFORMATION,False,False,False,False,False,RETRIEVED,True
Case-48-P5-C25-44980-18952,Case-48,NON_TUMOR,REVIEW,,False,False,True,True,False,RETRIEVED,True
P9-B11-21061-24042,P9,NON_TUMOR,REVIEW,LOW_INFORMATION,False,False,False,False,False,RETRIEVED,True
P9-B11-25615-35242,P9,NON_TUMOR,REVIEW,NEAR_BLANK;LOW_VARIANCE;LOW_INFORMATION;VERY_BRIGHT,False,False,False,False,False,RETRIEVED,True
P9-B11-35165-17386,P9,NON_TUMOR,REVIEW,NEAR_BLANK;LOW_INFORMATION,False,False,False,False,False,RETRIEVED,True
P9-B12-3695-15824,P9,NON_TUMOR,REVIEW,LOW_INFORMATION,False,False,False,False,False,RETRIEVED,True
P9-B27-19851-11325,P9,NON_TUMOR,REVIEW,LOW_INFORMATION,False,False,False,False,False,RETRIEVED,True
P9-B27-19974-33573,P9,NON_TUMOR,REVIEW,NEAR_BLANK;LOW_INFORMATION;VERY_BRIGHT,False,False,False,False,False,RETRIEVED,True
P9-B27-21147-30384,P9,NON_TUMOR,REVIEW,,False,False,True,True,False,RETRIEVED,True
P9-B27-7554-23732,P9,NON_TUMOR,REVIEW,LOW_INFORMATION,False,False,False,False,False,RETRIEVED,True
P9-B28-12856-10047,P9,NON_TUMOR,REVIEW,LOW_INFORMATION,False,False,False,False,False,RETRIEVED,True
P9-B28-31966-8742,P9,NON_TUMOR,REVIEW,NEAR_BLANK;LOW_INFORMATION;VERY_BRIGHT,False,False,False,False,False,RETRIEVED,True
P9-B34-10040-27730,P9,NON_TUMOR,REVIEW,LOW_INFORMATION,False,False,False,False,False,RETRIEVED,True
P9-B34-3963-13771,P9,NON_TUMOR,REVIEW,LOW_INFORMATION,False,False,False,False,False,RETRIEVED,True
P9-B34-8406-7688,P9,NON_TUMOR,REVIEW,NEAR_BLANK;LOW_INFORMATION,False,False,False,False,False,RETRIEVED,True
P9-B35-21019-2866,P9,NON_TUMOR,REVIEW,NEAR_BLANK;LOW_INFORMATION,False,False,False,False,False,RETRIEVED,True
P9-B35-8320-3884,P9,NON_TUMOR,REVIEW,NEAR_BLANK;LOW_INFORMATION,False,False,False,False,False,RETRIEVED,True
P9-B6-12212-7812,P9,NON_TUMOR,REVIEW,LOW_INFORMATION,False,False,False,False,False,RETRIEVED,True
P9-B6-17146-14469,P9,NON_TUMOR,REVIEW,NEAR_BLANK;LOW_INFORMATION,False,False,False,False,False,RETRIEVED,True
P9-B6-23429-20864,P9,NON_TUMOR,REVIEW,NEAR_BLANK;LOW_INFORMATION,False,False,False,False,False,RETRIEVED,True
P9-B6-2451-23298,P9,NON_TUMOR,REVIEW,LOW_INFORMATION,False,False,False,False,False,RETRIEVED,True
P9-B6-5195-29864,P9,NON_TUMOR,REVIEW,LOW_INFORMATION,False,False,False,False,False,RETRIEVED,True
P9-B7-4168-28271,P9,NON_TUMOR,REVIEW,LOW_INFORMATION,False,False,False,False,False,RETRIEVED,True
