qc_row_id,pathdb_image_id,group,source_label,canonical_label,trainable,http_status,content_type,content_length_header,local_bytes,redirect_history,retrieved,err,sha256,magic,magic_hex,ext_vs_detected,decoder,decode_ok,format,width,height,channels,mode,bitdepth,alpha,exif,mean,std,frac_near_white,frac_near_black,entropy,content_flag,phash,dhash,pixel_sha256,final_url,image_url
QC-001,Case-3-A15-38074-15813,Case-3,viable: non-viable,MIXED_VIABLE_NECROTIC,FALSE,200,image/tiff,,335750,301,True,,8d318d8514870071fe3a688a139b5291aa02c5f1c689e30b493763b27043a855,TIFF(LE),49492a00,match,PIL/TiffImageFile,True,TIFF,1024,1024,3,RGB,8,False,"{""256"": ""1024"", ""257"": ""1024"", ""258"": ""(8, 8, 8)"", ""259"": ""7"", ""322"": ""256"", ""323"": ""256"", ""262"": ""6"", ""324"": ""(8, 14202, 30574, 46445, 62546, 76566, 8"", ""325"": ""(14194, 16372, 15871, 16101, 14020, 1294"", ""296"": ""3"", ""274"": ""1"", ""339"": ""(1, 1, 1)"", ""532"": ""(0.0, 255.0, 128.0, 255.0, 128.0, 255.0)"", ""277"": ""3"", ""347"": ""b'\\xff\\xd8\\xff\\xdb\\x00C\\x00\\x08\\x06\\x06\\"", ""282"": ""28.346456654716977"", ""283"": ""28.346456654716977"", ""284"": ""1""}",196.21,38.39,0.0963,0.0003,6.935,OK,85b8bec7476321b1,623897c3d0e16c64,44c7e4709a84050c772d8c53de670156a64da8b9e2b4e2fad3b4d6cebcf49f09,https://pathdb.cancerimagingarchive.net/system/files/wsi/ross/Osteosarcoma-UT/converted/Osteosarcoma-UT/Training-Set-1/set2/Case-3-A15-38074-15813.tiff,http://pathdb.cancerimagingarchive.net/system/files/wsi/ross/Osteosarcoma-UT/converted/Osteosarcoma-UT/Training-Set-1/set2/Case-3-A15-38074-15813.tiff
QC-002,Case-3-A13-29731-5963,Case-3,Non-Viable-Tumor,NECROSIS,TRUE,200,image/tiff,,332280,301,True,,9c29e5695ca81f5c4a789b74e1f12c537d3a476d2b170c13c87b5f44fe3fd539,TIFF(LE),49492a00,match,PIL/TiffImageFile,True,TIFF,1024,1024,3,RGB,8,False,"{""256"": ""1024"", ""257"": ""1024"", ""258"": ""(8, 8, 8)"", ""259"": ""7"", ""322"": ""256"", ""323"": ""256"", ""262"": ""6"", ""324"": ""(8, 13330, 27723, 42980, 59656, 72284, 8"", ""325"": ""(13322, 14393, 15257, 16676, 12628, 1450"", ""296"": ""3"", ""274"": ""1"", ""339"": ""(1, 1, 1)"", ""532"": ""(0.0, 255.0, 128.0, 255.0, 128.0, 255.0)"", ""277"": ""3"", ""347"": ""b'\\xff\\xd8\\xff\\xdb\\x00C\\x00\\x08\\x06\\x06\\"", ""282"": ""28.346456654716977"", ""283"": ""28.346456654716977"", ""284"": ""1""}",215.01,25.38,0.2044,0.0,6.403,OK,f87087300feb431f,283410103091316d,c88be1226daca3b7ed59b0f303bb36aeb8783c6ce330da34310e8b0b98e7fc5d,https://pathdb.cancerimagingarchive.net/system/files/wsi/ross/Osteosarcoma-UT/converted/Osteosarcoma-UT/Training-Set-1/set1/Case-3-A13-29731-5963.tiff,http://pathdb.cancerimagingarchive.net/system/files/wsi/ross/Osteosarcoma-UT/converted/Osteosarcoma-UT/Training-Set-1/set1/Case-3-A13-29731-5963.tiff
QC-003,Case-3-A7-31801-6579,Case-3,Non-Viable-Tumor,NECROSIS,TRUE,200,image/tiff,,364276,301,True,,5a5bbc714ff64eaf5205c9aa0c6854b865e966267228b816c4bfca692a6cd8e3,TIFF(LE),49492a00,match,PIL/TiffImageFile,True,TIFF,1024,1024,3,RGB,8,False,"{""256"": ""1024"", ""257"": ""1024"", ""258"": ""(8, 8, 8)"", ""259"": ""7"", ""322"": ""256"", ""323"": ""256"", ""262"": ""6"", ""324"": ""(8, 15933, 32232, 50206, 67709, 83126, 9"", ""325"": ""(15925, 16299, 17974, 17503, 15417, 1484"", ""296"": ""3"", ""274"": ""1"", ""339"": ""(1, 1, 1)"", ""532"": ""(0.0, 255.0, 128.0, 255.0, 128.0, 255.0)"", ""277"": ""3"", ""347"": ""b'\\xff\\xd8\\xff\\xdb\\x00C\\x00\\x08\\x06\\x06\\"", ""282"": ""28.346456654716977"", ""283"": ""28.346456654716977"", ""284"": ""1""}",214.31,26.16,0.2135,0.0,6.47,OK,e554b863f085d8cd,943264c4c44a5697,76b2636dadd30ed069e4bdbde9accba0a64eeec436fa740b93b6af161fb954be,https://pathdb.cancerimagingarchive.net/system/files/wsi/ross/Osteosarcoma-UT/converted/Osteosarcoma-UT/Training-Set-1/set3/Case-3-A7-31801-6579.tiff,http://pathdb.cancerimagingarchive.net/system/files/wsi/ross/Osteosarcoma-UT/converted/Osteosarcoma-UT/Training-Set-1/set3/Case-3-A7-31801-6579.tiff
QC-004,Case-3-A10-6747-12959,Case-3,Non-Tumor,NON_TUMOR,TRUE,200,image/tiff,,264456,301,True,,00f1de02cd9754e8329495fcd100c00ce9d24ce5532f093dcd8ab181b3fee442,TIFF(LE),49492a00,match,PIL/TiffImageFile,True,TIFF,1024,1024,3,RGB,8,False,"{""256"": ""1024"", ""257"": ""1024"", ""258"": ""(8, 8, 8)"", ""259"": ""7"", ""322"": ""256"", ""323"": ""256"", ""262"": ""6"", ""324"": ""(8, 13897, 25932, 39300, 51590, 64863, 7"", ""325"": ""(13889, 12035, 13368, 12290, 13273, 1384"", ""296"": ""3"", ""274"": ""1"", ""339"": ""(1, 1, 1)"", ""532"": ""(0.0, 255.0, 128.0, 255.0, 128.0, 255.0)"", ""277"": ""3"", ""347"": ""b'\\xff\\xd8\\xff\\xdb\\x00C\\x00\\x08\\x06\\x06\\"", ""282"": ""28.346456654716977"", ""283"": ""28.346456654716977"", ""284"": ""1""}",221.41,34.3,0.4898,0.0,6.025,OK,d8e7b853a3b04e2c,cb6a23cdc810b5b1,285341373b6f1294c567af3a522b924a78d81dd4333eb6f9ae3c09503ee9bbbd,https://pathdb.cancerimagingarchive.net/system/files/wsi/ross/Osteosarcoma-UT/converted/Osteosarcoma-UT/Training-Set-2/set1/Case-3-A10-6747-12959.tiff,http://pathdb.cancerimagingarchive.net/system/files/wsi/ross/Osteosarcoma-UT/converted/Osteosarcoma-UT/Training-Set-2/set1/Case-3-A10-6747-12959.tiff
QC-005,Case-3-A17-12247-30984,Case-3,Non-Tumor,NON_TUMOR,TRUE,200,image/tiff,,223600,301,True,,d3501bf5d641b393ae111baaa75c03c55e2c5038755be3d5f56b97238001cf66,TIFF(LE),49492a00,match,PIL/TiffImageFile,True,TIFF,1024,1024,3,RGB,8,False,"{""256"": ""1024"", ""257"": ""1024"", ""258"": ""(8, 8, 8)"", ""259"": ""7"", ""322"": ""256"", ""323"": ""256"", ""262"": ""6"", ""324"": ""(8, 9314, 19160, 29562, 41425, 50283, 59"", ""325"": ""(9306, 9846, 10402, 11863, 8858, 9417, 9"", ""296"": ""3"", ""274"": ""1"", ""339"": ""(1, 1, 1)"", ""532"": ""(0.0, 255.0, 128.0, 255.0, 128.0, 255.0)"", ""277"": ""3"", ""347"": ""b'\\xff\\xd8\\xff\\xdb\\x00C\\x00\\x08\\x06\\x06\\"", ""282"": ""28.346456654716977"", ""283"": ""28.346456654716977"", ""284"": ""1""}",142.96,50.85,0.0183,0.0,5.976,OK,b427e0fc07f82f21,87cf1e74fd361ce2,61c628e3c64b974b9ca7d5c79559fcda3b84ac531c3b9a7a500034804393dcea,https://pathdb.cancerimagingarchive.net/system/files/wsi/ross/Osteosarcoma-UT/converted/Osteosarcoma-UT/Training-Set-2/set2/Case-3-A17-12247-30984.tiff,http://pathdb.cancerimagingarchive.net/system/files/wsi/ross/Osteosarcoma-UT/converted/Osteosarcoma-UT/Training-Set-2/set2/Case-3-A17-12247-30984.tiff
QC-006,Case-3-A18-9485-39729,Case-3,Non-Tumor,NON_TUMOR,TRUE,200,image/tiff,,72886,301,True,,e2dd35f5953c841f715cc36567980ad881bf66ea913f841509427f4b9b4d83de,TIFF(LE),49492a00,match,PIL/TiffImageFile,True,TIFF,1024,1024,3,RGB,8,False,"{""256"": ""1024"", ""257"": ""1024"", ""258"": ""(8, 8, 8)"", ""259"": ""7"", ""322"": ""256"", ""323"": ""256"", ""262"": ""6"", ""324"": ""(8, 2090, 7877, 11658, 15131, 22491, 314"", ""325"": ""(2082, 5787, 3781, 3473, 7360, 8922, 501"", ""296"": ""3"", ""274"": ""1"", ""339"": ""(1, 1, 1)"", ""532"": ""(0.0, 255.0, 128.0, 255.0, 128.0, 255.0)"", ""277"": ""3"", ""347"": ""b'\\xff\\xd8\\xff\\xdb\\x00C\\x00\\x08\\x06\\x06\\"", ""282"": ""28.346456654716977"", ""283"": ""28.346456654716977"", ""284"": ""1""}",219.21,50.16,0.7419,0.0,2.631,LOW_ENTROPY,f179eaa89197064e,9f136c1c134c0000,33fbb48efc728a9823e0660a503102e57b7bd6dd2a08eb6e757e89ee0a812b62,https://pathdb.cancerimagingarchive.net/system/files/wsi/ross/Osteosarcoma-UT/converted/Osteosarcoma-UT/Training-Set-2/set3/Case-3-A18-9485-39729.tiff,http://pathdb.cancerimagingarchive.net/system/files/wsi/ross/Osteosarcoma-UT/converted/Osteosarcoma-UT/Training-Set-2/set3/Case-3-A18-9485-39729.tiff
QC-007,Case-3-A12-37374-17669,Case-3,Viable,VIABLE_TUMOR,TRUE,200,image/tiff,,362376,301,True,,d103ac1725b3bcf5e8a2fc7c0bd24ef9698656e14964f161c70152f151fa89f5,TIFF(LE),49492a00,match,PIL/TiffImageFile,True,TIFF,1024,1024,3,RGB,8,False,"{""256"": ""1024"", ""257"": ""1024"", ""258"": ""(8, 8, 8)"", ""259"": ""7"", ""322"": ""256"", ""323"": ""256"", ""262"": ""6"", ""324"": ""(8, 15414, 31301, 45393, 60372, 76406, 9"", ""325"": ""(15406, 15887, 14092, 14979, 16034, 1817"", ""296"": ""3"", ""274"": ""1"", ""339"": ""(1, 1, 1)"", ""532"": ""(0.0, 255.0, 128.0, 255.0, 128.0, 255.0)"", ""277"": ""3"", ""347"": ""b'\\xff\\xd8\\xff\\xdb\\x00C\\x00\\x08\\x06\\x06\\"", ""282"": ""28.346456654716977"", ""283"": ""28.346456654716977"", ""284"": ""1""}",182.22,33.65,0.0273,0.0002,6.848,OK,a27b97274a1e36b0,298a4c21b74e7de8,d04812108145f41ebd92d51929ed4408aaddf97623101d87f1e561e083b55383,https://pathdb.cancerimagingarchive.net/system/files/wsi/ross/Osteosarcoma-UT/converted/Osteosarcoma-UT/Training-Set-1/set1/Case-3-A12-37374-17669.tiff,http://pathdb.cancerimagingarchive.net/system/files/wsi/ross/Osteosarcoma-UT/converted/Osteosarcoma-UT/Training-Set-1/set1/Case-3-A12-37374-17669.tiff
QC-008,Case-3-A12-37793-17155,Case-3,Viable,VIABLE_TUMOR,TRUE,200,image/tiff,,337462,301,True,,e420c0c6463905ac59d8663caf2d4836acb0c98a0afd95410b4cb859381928f4,TIFF(LE),49492a00,match,PIL/TiffImageFile,True,TIFF,1024,1024,3,RGB,8,False,"{""256"": ""1024"", ""257"": ""1024"", ""258"": ""(8, 8, 8)"", ""259"": ""7"", ""322"": ""256"", ""323"": ""256"", ""262"": ""6"", ""324"": ""(8, 12335, 25729, 41448, 58865, 68642, 8"", ""325"": ""(12327, 13394, 15719, 17417, 9777, 13507"", ""296"": ""3"", ""274"": ""1"", ""339"": ""(1, 1, 1)"", ""532"": ""(0.0, 255.0, 128.0, 255.0, 128.0, 255.0)"", ""277"": ""3"", ""347"": ""b'\\xff\\xd8\\xff\\xdb\\x00C\\x00\\x08\\x06\\x06\\"", ""282"": ""28.346456654716977"", ""283"": ""28.346456654716977"", ""284"": ""1""}",179.58,39.31,0.0323,0.0003,6.974,OK,bf0ff0e0e1831d34,1a6f677edeaccd5e,9e201ec5497786b5a4c906464cbd873e3bde9ee078a7f76d72404de9a3a13e48,https://pathdb.cancerimagingarchive.net/system/files/wsi/ross/Osteosarcoma-UT/converted/Osteosarcoma-UT/Training-Set-1/set1/Case-3-A12-37793-17155.tiff,http://pathdb.cancerimagingarchive.net/system/files/wsi/ross/Osteosarcoma-UT/converted/Osteosarcoma-UT/Training-Set-1/set1/Case-3-A12-37793-17155.tiff
QC-009,Case-4-C34-34338-25165,Case-4,viable: non-viable,MIXED_VIABLE_NECROTIC,FALSE,200,image/tiff,,364858,301,True,,d3077abbf5adfbc877f2917bed3eab6b64bde746eb57aeee37f77a6aa3d2241e,TIFF(LE),49492a00,match,PIL/TiffImageFile,True,TIFF,1024,1024,3,RGB,8,False,"{""256"": ""1024"", ""257"": ""1024"", ""258"": ""(8, 8, 8)"", ""259"": ""7"", ""322"": ""256"", ""323"": ""256"", ""262"": ""6"", ""324"": ""(8, 16340, 32416, 47675, 65188, 81022, 9"", ""325"": ""(16332, 16076, 15259, 17513, 15834, 1756"", ""296"": ""3"", ""274"": ""1"", ""339"": ""(1, 1, 1)"", ""532"": ""(0.0, 255.0, 128.0, 255.0, 128.0, 255.0)"", ""277"": ""3"", ""347"": ""b'\\xff\\xd8\\xff\\xdb\\x00C\\x00\\x08\\x06\\x06\\"", ""282"": ""28.346456654716977"", ""283"": ""28.346456654716977"", ""284"": ""1""}",176.11,45.5,0.0462,0.0,7.131,OK,e95297055a2d51ee,582aab9311826331,f3a603cd87a6d59528aa3826f7ebf85c9c97f9edca7eee93acd0545f3980d0a0,https://pathdb.cancerimagingarchive.net/system/files/wsi/ross/Osteosarcoma-UT/converted/Osteosarcoma-UT/Training-Set-1/set5/Case-4-C34-34338-25165.tiff,http://pathdb.cancerimagingarchive.net/system/files/wsi/ross/Osteosarcoma-UT/converted/Osteosarcoma-UT/Training-Set-1/set5/Case-4-C34-34338-25165.tiff
QC-010,Case-4-C21-34899-31136,Case-4,Non-Viable-Tumor,NECROSIS,TRUE,200,image/tiff,,369984,301,True,,e7108182ff28bd204d4bee925df6cc4b84b5d7c89b667a9b44b796219115aaa1,TIFF(LE),49492a00,match,PIL/TiffImageFile,True,TIFF,1024,1024,3,RGB,8,False,"{""256"": ""1024"", ""257"": ""1024"", ""258"": ""(8, 8, 8)"", ""259"": ""7"", ""322"": ""256"", ""323"": ""256"", ""262"": ""6"", ""324"": ""(8, 17412, 34706, 50087, 66926, 84573, 1"", ""325"": ""(17404, 17294, 15381, 16839, 17647, 1651"", ""296"": ""3"", ""274"": ""1"", ""339"": ""(1, 1, 1)"", ""532"": ""(0.0, 255.0, 128.0, 255.0, 128.0, 255.0)"", ""277"": ""3"", ""347"": ""b'\\xff\\xd8\\xff\\xdb\\x00C\\x00\\x08\\x06\\x06\\"", ""282"": ""28.346456654716977"", ""283"": ""28.346456654716977"", ""284"": ""1""}",211.85,32.08,0.2583,0.0,6.551,OK,8306d85b314c7cfd,d8cce6c6cfebd389,99a960bdae261e6388ae4aab1297d57bf52fb7dd51f24f9c91ccac57585f61c2,https://pathdb.cancerimagingarchive.net/system/files/wsi/ross/Osteosarcoma-UT/converted/Osteosarcoma-UT/Training-Set-1/set3/Case-4-C21-34899-31136.tiff,http://pathdb.cancerimagingarchive.net/system/files/wsi/ross/Osteosarcoma-UT/converted/Osteosarcoma-UT/Training-Set-1/set3/Case-4-C21-34899-31136.tiff
QC-011,Case-4-C29-31369-33022,Case-4,Non-Viable-Tumor,NECROSIS,TRUE,200,image/tiff,,336158,301,True,,0528d42b24a96b18c238fcc5175415da2524acb89020f523e6e543034a5cb2d7,TIFF(LE),49492a00,match,PIL/TiffImageFile,True,TIFF,1024,1024,3,RGB,8,False,"{""256"": ""1024"", ""257"": ""1024"", ""258"": ""(8, 8, 8)"", ""259"": ""7"", ""322"": ""256"", ""323"": ""256"", ""262"": ""6"", ""324"": ""(8, 16733, 33511, 48264, 63600, 79549, 9"", ""325"": ""(16725, 16778, 14753, 15336, 15949, 1660"", ""296"": ""3"", ""274"": ""1"", ""339"": ""(1, 1, 1)"", ""532"": ""(0.0, 255.0, 128.0, 255.0, 128.0, 255.0)"", ""277"": ""3"", ""347"": ""b'\\xff\\xd8\\xff\\xdb\\x00C\\x00\\x08\\x06\\x06\\"", ""282"": ""28.346456654716977"", ""283"": ""28.346456654716977"", ""284"": ""1""}",209.6,30.24,0.1193,0.0,6.482,OK,d2a93e6d6b860b58,66989dcd9bc6a42d,070a4fcb98208e77c8c1c43f3e4e88fa876e51d04fcbaebfc01405b02b9360d9,https://pathdb.cancerimagingarchive.net/system/files/wsi/ross/Osteosarcoma-UT/converted/Osteosarcoma-UT/Training-Set-1/set5/Case-4-C29-31369-33022.tiff,http://pathdb.cancerimagingarchive.net/system/files/wsi/ross/Osteosarcoma-UT/converted/Osteosarcoma-UT/Training-Set-1/set5/Case-4-C29-31369-33022.tiff
QC-012,Case-4-C48-8852-15092,Case-4,Non-Tumor,NON_TUMOR,TRUE,200,image/tiff,,50296,301,True,,d9455f59ba1e3d097bc6c0d0cf161ba083b92af3b30c146168d56e28999b0cb4,TIFF(LE),49492a00,match,PIL/TiffImageFile,True,TIFF,1024,1024,3,RGB,8,False,"{""256"": ""1024"", ""257"": ""1024"", ""258"": ""(8, 8, 8)"", ""259"": ""7"", ""322"": ""256"", ""323"": ""256"", ""262"": ""6"", ""324"": ""(8, 1160, 2322, 3455, 4619, 5781, 6917, "", ""325"": ""(1152, 1162, 1133, 1164, 1162, 1136, 115"", ""296"": ""3"", ""274"": ""1"", ""339"": ""(1, 1, 1)"", ""532"": ""(0.0, 255.0, 128.0, 255.0, 128.0, 255.0)"", ""277"": ""3"", ""347"": ""b'\\xff\\xd8\\xff\\xdb\\x00C\\x00\\x08\\x06\\x06\\"", ""282"": ""28.346456654716977"", ""283"": ""28.346456654716977"", ""284"": ""1""}",239.47,25.48,0.9471,0.0,1.717,MOSTLY_WHITE;LOW_ENTROPY,d6a16a55b268d729,000080818a04152d,bb58aeb3e4f4b653ff8acc3ca19386b3e7fecfad1edeee7f45fbcf1599f53b71,https://pathdb.cancerimagingarchive.net/system/files/wsi/ross/Osteosarcoma-UT/converted/Osteosarcoma-UT/Training-Set-2/set6/Case-4-C48-8852-15092.tiff,http://pathdb.cancerimagingarchive.net/system/files/wsi/ross/Osteosarcoma-UT/converted/Osteosarcoma-UT/Training-Set-2/set6/Case-4-C48-8852-15092.tiff
QC-013,Case-4-C48-9825-35299,Case-4,Non-Tumor,NON_TUMOR,TRUE,200,image/tiff,,93448,301,True,,6906d409b7b7cff60dedeef19b12e8137b2422d7df58a760e4dd5af973f2761c,TIFF(LE),49492a00,match,PIL/TiffImageFile,True,TIFF,1024,1024,3,RGB,8,False,"{""256"": ""1024"", ""257"": ""1024"", ""258"": ""(8, 8, 8)"", ""259"": ""7"", ""322"": ""256"", ""323"": ""256"", ""262"": ""6"", ""324"": ""(8, 1397, 3398, 11247, 21221, 22378, 235"", ""325"": ""(1389, 2001, 7849, 9974, 1157, 1202, 613"", ""296"": ""3"", ""274"": ""1"", ""339"": ""(1, 1, 1)"", ""532"": ""(0.0, 255.0, 128.0, 255.0, 128.0, 255.0)"", ""277"": ""3"", ""347"": ""b'\\xff\\xd8\\xff\\xdb\\x00C\\x00\\x08\\x06\\x06\\"", ""282"": ""28.346456654716977"", ""283"": ""28.346456654716977"", ""284"": ""1""}",220.58,47.36,0.7411,0.0,3.44,OK,d869ad54a2f72255,0293212989880884,a63f745bbec4dc3432e381003d807ef58fabbd30c259c43fcb9b1432f9fe210f,https://pathdb.cancerimagingarchive.net/system/files/wsi/ross/Osteosarcoma-UT/converted/Osteosarcoma-UT/Training-Set-2/set6/Case-4-C48-9825-35299.tiff,http://pathdb.cancerimagingarchive.net/system/files/wsi/ross/Osteosarcoma-UT/converted/Osteosarcoma-UT/Training-Set-2/set6/Case-4-C48-9825-35299.tiff
QC-014,Case-4-C22-22350-18241,Case-4,Viable,VIABLE_TUMOR,TRUE,200,image/tiff,,445440,301,True,,fa29ac48a67bbc2e76d0d670a64b3f1ae465aea521401db32c91fdb0272234ef,TIFF(LE),49492a00,match,PIL/TiffImageFile,True,TIFF,1024,1024,3,RGB,8,False,"{""256"": ""1024"", ""257"": ""1024"", ""258"": ""(8, 8, 8)"", ""259"": ""7"", ""322"": ""256"", ""323"": ""256"", ""262"": ""6"", ""324"": ""(8, 20603, 41506, 61649, 81922, 100774, "", ""325"": ""(20595, 20903, 20143, 20273, 18852, 1917"", ""296"": ""3"", ""274"": ""1"", ""339"": ""(1, 1, 1)"", ""532"": ""(0.0, 255.0, 128.0, 255.0, 128.0, 255.0)"", ""277"": ""3"", ""347"": ""b'\\xff\\xd8\\xff\\xdb\\x00C\\x00\\x08\\x06\\x06\\"", ""282"": ""28.346456654716977"", ""283"": ""28.346456654716977"", ""284"": ""1""}",168.03,53.4,0.095,0.0,7.508,OK,aa6f0b89e63f0552,d74b0c2585c23bad,dde6fdbca356cc2540d6697d156f9e6209bc625430b28a28081614f31f0a77c9,https://pathdb.cancerimagingarchive.net/system/files/wsi/ross/Osteosarcoma-UT/converted/Osteosarcoma-UT/Training-Set-2/set4/Case-4-C22-22350-18241.tiff,http://pathdb.cancerimagingarchive.net/system/files/wsi/ross/Osteosarcoma-UT/converted/Osteosarcoma-UT/Training-Set-2/set4/Case-4-C22-22350-18241.tiff
QC-015,Case-4-C27-32061-22260,Case-4,Viable,VIABLE_TUMOR,TRUE,200,image/tiff,,351196,301,True,,f2eea0be6f2fb2483b4652a186311127d53f0e15c2d027d054667c4ff7d728c1,TIFF(LE),49492a00,match,PIL/TiffImageFile,True,TIFF,1024,1024,3,RGB,8,False,"{""256"": ""1024"", ""257"": ""1024"", ""258"": ""(8, 8, 8)"", ""259"": ""7"", ""322"": ""256"", ""323"": ""256"", ""262"": ""6"", ""324"": ""(8, 17950, 36232, 54899, 72872, 89102, 1"", ""325"": ""(17942, 18282, 18667, 17973, 16230, 1575"", ""296"": ""3"", ""274"": ""1"", ""339"": ""(1, 1, 1)"", ""532"": ""(0.0, 255.0, 128.0, 255.0, 128.0, 255.0)"", ""277"": ""3"", ""347"": ""b'\\xff\\xd8\\xff\\xdb\\x00C\\x00\\x08\\x06\\x06\\"", ""282"": ""28.346456654716977"", ""283"": ""28.346456654716977"", ""284"": ""1""}",172.34,56.18,0.2079,0.0,7.132,OK,c62bb8cda0f90eb4,424d5cc2e460109c,7dd5ce058aa90a522a564f92c2a10f3386ab2cb73afb4af8882ea848f7667e64,https://pathdb.cancerimagingarchive.net/system/files/wsi/ross/Osteosarcoma-UT/converted/Osteosarcoma-UT/Training-Set-1/set4/Case-4-C27-32061-22260.tiff,http://pathdb.cancerimagingarchive.net/system/files/wsi/ross/Osteosarcoma-UT/converted/Osteosarcoma-UT/Training-Set-1/set4/Case-4-C27-32061-22260.tiff
QC-016,Case-4-C28-41935-19673,Case-4,Viable,VIABLE_TUMOR,TRUE,200,image/tiff,,379438,301,True,,a82d94730ff6ce8013332940ed41198c17edaa1a1e3ebfec0e1ac907e01347c1,TIFF(LE),49492a00,match,PIL/TiffImageFile,True,TIFF,1024,1024,3,RGB,8,False,"{""256"": ""1024"", ""257"": ""1024"", ""258"": ""(8, 8, 8)"", ""259"": ""7"", ""322"": ""256"", ""323"": ""256"", ""262"": ""6"", ""324"": ""(8, 16656, 33749, 51231, 68609, 85075, 1"", ""325"": ""(16648, 17093, 17482, 17378, 16466, 1655"", ""296"": ""3"", ""274"": ""1"", ""339"": ""(1, 1, 1)"", ""532"": ""(0.0, 255.0, 128.0, 255.0, 128.0, 255.0)"", ""277"": ""3"", ""347"": ""b'\\xff\\xd8\\xff\\xdb\\x00C\\x00\\x08\\x06\\x06\\"", ""282"": ""28.346456654716977"", ""283"": ""28.346456654716977"", ""284"": ""1""}",160.92,41.0,0.0171,0.0,7.005,OK,ee12a78aca03f31d,492c4c8331a52727,6b0e816e7dc4de63456f136a8d34327982624e3c62a3dc03cdcdb99ab0856044,https://pathdb.cancerimagingarchive.net/system/files/wsi/ross/Osteosarcoma-UT/converted/Osteosarcoma-UT/Training-Set-1/set5/Case-4-C28-41935-19673.tiff,http://pathdb.cancerimagingarchive.net/system/files/wsi/ross/Osteosarcoma-UT/converted/Osteosarcoma-UT/Training-Set-1/set5/Case-4-C28-41935-19673.tiff
QC-017,Case-4-C29-23938-15097,Case-4,Viable,VIABLE_TUMOR,TRUE,200,image/tiff,,479772,301,True,,b2fb1fc2983f9fe594044e5617736cddfdd8d2c56afbca12b87c3d32bb19c769,TIFF(LE),49492a00,match,PIL/TiffImageFile,True,TIFF,1024,1024,3,RGB,8,False,"{""256"": ""1024"", ""257"": ""1024"", ""258"": ""(8, 8, 8)"", ""259"": ""7"", ""322"": ""256"", ""323"": ""256"", ""262"": ""6"", ""324"": ""(8, 20381, 40882, 60964, 82603, 103796, "", ""325"": ""(20373, 20501, 20082, 21639, 21193, 1941"", ""296"": ""3"", ""274"": ""1"", ""339"": ""(1, 1, 1)"", ""532"": ""(0.0, 255.0, 128.0, 255.0, 128.0, 255.0)"", ""277"": ""3"", ""347"": ""b'\\xff\\xd8\\xff\\xdb\\x00C\\x00\\x08\\x06\\x06\\"", ""282"": ""28.346456654716977"", ""283"": ""28.346456654716977"", ""284"": ""1""}",168.73,55.96,0.1312,0.0,7.555,OK,86a713e1c3cf7461,c4a9326adbb455cd,cb23790fb97313b5c1ecda1b2b3f64f985ee0376d9e25dc1541e6c325e83db5a,https://pathdb.cancerimagingarchive.net/system/files/wsi/ross/Osteosarcoma-UT/converted/Osteosarcoma-UT/Training-Set-2/set5/Case-4-C29-23938-15097.tiff,http://pathdb.cancerimagingarchive.net/system/files/wsi/ross/Osteosarcoma-UT/converted/Osteosarcoma-UT/Training-Set-2/set5/Case-4-C29-23938-15097.tiff
QC-018,Case-48-P5-C18-23684-14239,Case-48,viable: non-viable,MIXED_VIABLE_NECROTIC,FALSE,200,image/tiff,,277322,301,True,,3e0fd9b44bfa49a65506322e12e211f9690bc565d1023edc41b228df948bbb75,TIFF(LE),49492a00,match,PIL/TiffImageFile,True,TIFF,1024,1024,3,RGB,8,False,"{""256"": ""1024"", ""257"": ""1024"", ""258"": ""(8, 8, 8)"", ""259"": ""7"", ""322"": ""256"", ""323"": ""256"", ""262"": ""6"", ""324"": ""(8, 8746, 16917, 28989, 36234, 53417, 67"", ""325"": ""(8738, 8171, 12072, 7245, 17183, 13789, "", ""296"": ""3"", ""274"": ""1"", ""339"": ""(1, 1, 1)"", ""532"": ""(0.0, 255.0, 128.0, 255.0, 128.0, 255.0)"", ""277"": ""3"", ""347"": ""b'\\xff\\xd8\\xff\\xdb\\x00C\\x00\\x08\\x06\\x06\\"", ""282"": ""28.346456654716977"", ""283"": ""28.346456654716977"", ""284"": ""1""}",181.36,59.05,0.217,0.0,7.189,OK,97a537a41c749c3a,4ece5c541b500918,6dd3b8a30e678e55f83228aa527cfded36248810adf0bc7f30f8047b060b135d,https://pathdb.cancerimagingarchive.net/system/files/wsi/ross/Osteosarcoma-UT/converted/Osteosarcoma-UT/Training-Set-2/set8/Case-48-P5-C18-23684-14239.tiff,http://pathdb.cancerimagingarchive.net/system/files/wsi/ross/Osteosarcoma-UT/converted/Osteosarcoma-UT/Training-Set-2/set8/Case-48-P5-C18-23684-14239.tiff
QC-019,Case-48-P5-C13-24121-14200,Case-48,Non-Viable-Tumor,NECROSIS,TRUE,200,image/tiff,,327804,301,True,,3c268c3dec0140c7927cadde6e5899bbf512b32f735f0c55df6ae5528f492a78,TIFF(LE),49492a00,match,PIL/TiffImageFile,True,TIFF,1024,1024,3,RGB,8,False,"{""256"": ""1024"", ""257"": ""1024"", ""258"": ""(8, 8, 8)"", ""259"": ""7"", ""322"": ""256"", ""323"": ""256"", ""262"": ""6"", ""324"": ""(8, 16776, 31731, 46561, 60580, 74655, 8"", ""325"": ""(16768, 14955, 14830, 14019, 14075, 1335"", ""296"": ""3"", ""274"": ""1"", ""339"": ""(1, 1, 1)"", ""532"": ""(0.0, 255.0, 128.0, 255.0, 128.0, 255.0)"", ""277"": ""3"", ""347"": ""b'\\xff\\xd8\\xff\\xdb\\x00C\\x00\\x08\\x06\\x06\\"", ""282"": ""28.346456654716977"", ""283"": ""28.346456654716977"", ""284"": ""1""}",170.44,51.8,0.1003,0.0,7.073,OK,8e033c69784e8ff1,63ecec69cb732626,f0fbbdf57995a9618148f4a310dae60312f3ca360c32ec4db5c8c6cd0088b967,https://pathdb.cancerimagingarchive.net/system/files/wsi/ross/Osteosarcoma-UT/converted/Osteosarcoma-UT/Training-Set-2/set6/Case-48-P5-C13-24121-14200.tiff,http://pathdb.cancerimagingarchive.net/system/files/wsi/ross/Osteosarcoma-UT/converted/Osteosarcoma-UT/Training-Set-2/set6/Case-48-P5-C13-24121-14200.tiff
QC-020,Case-48-P5-C13-46592-17295,Case-48,Non-Viable-Tumor,NECROSIS,TRUE,200,image/tiff,,163286,301,True,,688d897ee4274a25dc5781ee603551355cd22c9b70d9db2bd75fa2718143eaac,TIFF(LE),49492a00,match,PIL/TiffImageFile,True,TIFF,1024,1024,3,RGB,8,False,"{""256"": ""1024"", ""257"": ""1024"", ""258"": ""(8, 8, 8)"", ""259"": ""7"", ""322"": ""256"", ""323"": ""256"", ""262"": ""6"", ""324"": ""(8, 17743, 37042, 54680, 61096, 78448, 8"", ""325"": ""(17735, 19299, 17638, 6416, 17352, 10749"", ""296"": ""3"", ""274"": ""1"", ""339"": ""(1, 1, 1)"", ""532"": ""(0.0, 255.0, 128.0, 255.0, 128.0, 255.0)"", ""277"": ""3"", ""347"": ""b'\\xff\\xd8\\xff\\xdb\\x00C\\x00\\x08\\x06\\x06\\"", ""282"": ""28.346456654716977"", ""283"": ""28.346456654716977"", ""284"": ""1""}",205.64,53.55,0.4655,0.0,4.601,OK,a03f6bcbcb023a72,db17bcf984d0d0a0,ba31280eedb5db5bd4c9ffa58cfd9406a701fb64781f87b5f58d92e30ab731d4,https://pathdb.cancerimagingarchive.net/system/files/wsi/ross/Osteosarcoma-UT/converted/Osteosarcoma-UT/Training-Set-1/set6/Case-48-P5-C13-46592-17295.tiff,http://pathdb.cancerimagingarchive.net/system/files/wsi/ross/Osteosarcoma-UT/converted/Osteosarcoma-UT/Training-Set-1/set6/Case-48-P5-C13-46592-17295.tiff
QC-021,Case-48-P5-C15-17885-28625,Case-48,Non-Tumor,NON_TUMOR,TRUE,200,image/tiff,,94834,301,True,,fd670624296191e9d80645b9b4e7cd0f51b9346c7704b989863a908e5fbe0275,TIFF(LE),49492a00,match,PIL/TiffImageFile,True,TIFF,1024,1024,3,RGB,8,False,"{""256"": ""1024"", ""257"": ""1024"", ""258"": ""(8, 8, 8)"", ""259"": ""7"", ""322"": ""256"", ""323"": ""256"", ""262"": ""6"", ""324"": ""(8, 7378, 14947, 20718, 25893, 27156, 31"", ""325"": ""(7370, 7569, 5771, 5175, 1263, 4387, 945"", ""296"": ""3"", ""274"": ""1"", ""339"": ""(1, 1, 1)"", ""532"": ""(0.0, 255.0, 128.0, 255.0, 128.0, 255.0)"", ""277"": ""3"", ""347"": ""b'\\xff\\xd8\\xff\\xdb\\x00C\\x00\\x08\\x06\\x06\\"", ""282"": ""28.346456654716977"", ""283"": ""28.346456654716977"", ""284"": ""1""}",219.99,44.22,0.7025,0.0,3.397,OK,f63614164e4e6753,e41c0fc308081300,37948910ad733d49b1350cac2dbcb3855c7b6477cfcff1b85c807dc1d05e752d,https://pathdb.cancerimagingarchive.net/system/files/wsi/ross/Osteosarcoma-UT/converted/Osteosarcoma-UT/Training-Set-2/set7/Case-48-P5-C15-17885-28625.tiff,http://pathdb.cancerimagingarchive.net/system/files/wsi/ross/Osteosarcoma-UT/converted/Osteosarcoma-UT/Training-Set-2/set7/Case-48-P5-C15-17885-28625.tiff
QC-022,Case-48-P5-C21-19402-23915,Case-48,Non-Tumor,NON_TUMOR,TRUE,200,image/tiff,,113336,301,True,,501feebd5038361ece8f685f6f1402b8b9284f96d8658ba50344e87c2d95a230,TIFF(LE),49492a00,match,PIL/TiffImageFile,True,TIFF,1024,1024,3,RGB,8,False,"{""256"": ""1024"", ""257"": ""1024"", ""258"": ""(8, 8, 8)"", ""259"": ""7"", ""322"": ""256"", ""323"": ""256"", ""262"": ""6"", ""324"": ""(8, 6557, 13378, 17919, 25124, 31498, 35"", ""325"": ""(6549, 6821, 4541, 7205, 6374, 4211, 458"", ""296"": ""3"", ""274"": ""1"", ""339"": ""(1, 1, 1)"", ""532"": ""(0.0, 255.0, 128.0, 255.0, 128.0, 255.0)"", ""277"": ""3"", ""347"": ""b'\\xff\\xd8\\xff\\xdb\\x00C\\x00\\x08\\x06\\x06\\"", ""282"": ""28.346456654716977"", ""283"": ""28.346456654716977"", ""284"": ""1""}",135.0,70.57,0.2268,0.0,6.315,OK,c23b9c5c55d0e0e7,2b6fcfc7c2c3e7e5,ec43e65272fc5de77cad6f010f35a7fd246546b3911956a33f25701c752e7197,https://pathdb.cancerimagingarchive.net/system/files/wsi/ross/Osteosarcoma-UT/converted/Osteosarcoma-UT/Training-Set-2/set9/Case-48-P5-C21-19402-23915.tiff,http://pathdb.cancerimagingarchive.net/system/files/wsi/ross/Osteosarcoma-UT/converted/Osteosarcoma-UT/Training-Set-2/set9/Case-48-P5-C21-19402-23915.tiff
QC-023,Case-48-P5-C16-43159-11972,Case-48,Viable,VIABLE_TUMOR,TRUE,200,image/tiff,,241188,301,True,,3cdb6551e4615d8061860d0a7c1b689b3442a9711241e27d04700071b797f47b,TIFF(LE),49492a00,match,PIL/TiffImageFile,True,TIFF,1024,1024,3,RGB,8,False,"{""256"": ""1024"", ""257"": ""1024"", ""258"": ""(8, 8, 8)"", ""259"": ""7"", ""322"": ""256"", ""323"": ""256"", ""262"": ""6"", ""324"": ""(8, 9545, 17877, 25690, 33606, 46649, 53"", ""325"": ""(9537, 8332, 7813, 7916, 13043, 7016, 64"", ""296"": ""3"", ""274"": ""1"", ""339"": ""(1, 1, 1)"", ""532"": ""(0.0, 255.0, 128.0, 255.0, 128.0, 255.0)"", ""277"": ""3"", ""347"": ""b'\\xff\\xd8\\xff\\xdb\\x00C\\x00\\x08\\x06\\x06\\"", ""282"": ""28.346456654716977"", ""283"": ""28.346456654716977"", ""284"": ""1""}",176.65,64.89,0.259,0.0,6.852,OK,be244b131ece53d8,6d36362438597b37,d650d4926b3f0a749becc44d7c0a443c65d5ba2dc08a9a099dc33a4c839d3dce,https://pathdb.cancerimagingarchive.net/system/files/wsi/ross/Osteosarcoma-UT/converted/Osteosarcoma-UT/Training-Set-1/set7/Case-48-P5-C16-43159-11972.tiff,http://pathdb.cancerimagingarchive.net/system/files/wsi/ross/Osteosarcoma-UT/converted/Osteosarcoma-UT/Training-Set-1/set7/Case-48-P5-C16-43159-11972.tiff
QC-024,Case-48-P5-C17-19137-20611,Case-48,Viable,VIABLE_TUMOR,TRUE,200,image/tiff,,362628,301,True,,2b06ddc8d1da8eaff1b2c8ae51292076c097083870b8d3f7c93b36b8cc237684,TIFF(LE),49492a00,match,PIL/TiffImageFile,True,TIFF,1024,1024,3,RGB,8,False,"{""256"": ""1024"", ""257"": ""1024"", ""258"": ""(8, 8, 8)"", ""259"": ""7"", ""322"": ""256"", ""323"": ""256"", ""262"": ""6"", ""324"": ""(8, 15449, 31697, 45790, 59262, 75866, 9"", ""325"": ""(15441, 16248, 14093, 13472, 16604, 1708"", ""296"": ""3"", ""274"": ""1"", ""339"": ""(1, 1, 1)"", ""532"": ""(0.0, 255.0, 128.0, 255.0, 128.0, 255.0)"", ""277"": ""3"", ""347"": ""b'\\xff\\xd8\\xff\\xdb\\x00C\\x00\\x08\\x06\\x06\\"", ""282"": ""28.346456654716977"", ""283"": ""28.346456654716977"", ""284"": ""1""}",177.65,49.87,0.1234,0.0,7.34,OK,d7ec528e42b46aa5,45074a6ce7713c48,7c4b7485dde20ebf58b5f032d080c9c8c3143de61c9747e4ab75f138060e6d23,https://pathdb.cancerimagingarchive.net/system/files/wsi/ross/Osteosarcoma-UT/converted/Osteosarcoma-UT/Training-Set-2/set7/Case-48-P5-C17-19137-20611.tiff,http://pathdb.cancerimagingarchive.net/system/files/wsi/ross/Osteosarcoma-UT/converted/Osteosarcoma-UT/Training-Set-2/set7/Case-48-P5-C17-19137-20611.tiff
QC-025,Case-48-P5-C19-41884-18067,Case-48,Viable,VIABLE_TUMOR,TRUE,200,image/tiff,,209254,301,True,,2c4f88402c5a2411e6b353ad04f3896de1159298390dc178bc5faa32bc3ed95e,TIFF(LE),49492a00,match,PIL/TiffImageFile,True,TIFF,1024,1024,3,RGB,8,False,"{""256"": ""1024"", ""257"": ""1024"", ""258"": ""(8, 8, 8)"", ""259"": ""7"", ""322"": ""256"", ""323"": ""256"", ""262"": ""6"", ""324"": ""(8, 2582, 7801, 23116, 39946, 44826, 471"", ""325"": ""(2574, 5219, 15315, 16830, 4880, 2293, 1"", ""296"": ""3"", ""274"": ""1"", ""339"": ""(1, 1, 1)"", ""532"": ""(0.0, 255.0, 128.0, 255.0, 128.0, 255.0)"", ""277"": ""3"", ""347"": ""b'\\xff\\xd8\\xff\\xdb\\x00C\\x00\\x08\\x06\\x06\\"", ""282"": ""28.346456654716977"", ""283"": ""28.346456654716977"", ""284"": ""1""}",210.59,44.72,0.4689,0.0,5.375,OK,dce7f81e23e1809c,c626a6436a313135,6f1fa21706d7c6acf450dca9a0ce2f8627e435c8a176d69f1a4900c76405c8b8,https://pathdb.cancerimagingarchive.net/system/files/wsi/ross/Osteosarcoma-UT/converted/Osteosarcoma-UT/Training-Set-1/set8/Case-48-P5-C19-41884-18067.tiff,http://pathdb.cancerimagingarchive.net/system/files/wsi/ross/Osteosarcoma-UT/converted/Osteosarcoma-UT/Training-Set-1/set8/Case-48-P5-C19-41884-18067.tiff
QC-026,Case-48-P5-C22-46134-22320,Case-48,Viable,VIABLE_TUMOR,TRUE,200,image/tiff,,156118,301,True,,8bb8670bddb2d4e54f4d5b6e64070de30f45370b462b3573b5221f85b756be88,TIFF(LE),49492a00,match,PIL/TiffImageFile,True,TIFF,1024,1024,3,RGB,8,False,"{""256"": ""1024"", ""257"": ""1024"", ""258"": ""(8, 8, 8)"", ""259"": ""7"", ""322"": ""256"", ""323"": ""256"", ""262"": ""6"", ""324"": ""(8, 1353, 3673, 14876, 30428, 31873, 349"", ""325"": ""(1345, 2320, 11203, 15552, 1445, 3108, 2"", ""296"": ""3"", ""274"": ""1"", ""339"": ""(1, 1, 1)"", ""532"": ""(0.0, 255.0, 128.0, 255.0, 128.0, 255.0)"", ""277"": ""3"", ""347"": ""b'\\xff\\xd8\\xff\\xdb\\x00C\\x00\\x08\\x06\\x06\\"", ""282"": ""28.346456654716977"", ""283"": ""28.346456654716977"", ""284"": ""1""}",222.9,35.77,0.6611,0.0,4.27,OK,f1ce68e68c27f211,2611586ea64cdc94,4db0ef9155dae688a744353747cf875432f214be3a6e0213ed26356364dd04d8,https://pathdb.cancerimagingarchive.net/system/files/wsi/ross/Osteosarcoma-UT/converted/Osteosarcoma-UT/Training-Set-1/set9/Case-48-P5-C22-46134-22320.tiff,http://pathdb.cancerimagingarchive.net/system/files/wsi/ross/Osteosarcoma-UT/converted/Osteosarcoma-UT/Training-Set-1/set9/Case-48-P5-C22-46134-22320.tiff
QC-027,Case-48-P5-C23-34741-19829,Case-48,Viable,VIABLE_TUMOR,TRUE,200,image/tiff,,212008,301,True,,7e31c8b1795f67431ae379e07c0c38e3585e86c6926b5e808471a257c0dcd550,TIFF(LE),49492a00,match,PIL/TiffImageFile,True,TIFF,1024,1024,3,RGB,8,False,"{""256"": ""1024"", ""257"": ""1024"", ""258"": ""(8, 8, 8)"", ""259"": ""7"", ""322"": ""256"", ""323"": ""256"", ""262"": ""6"", ""324"": ""(8, 11977, 14841, 18138, 24852, 37566, 4"", ""325"": ""(11969, 2864, 3297, 6714, 12714, 3993, 1"", ""296"": ""3"", ""274"": ""1"", ""339"": ""(1, 1, 1)"", ""532"": ""(0.0, 255.0, 128.0, 255.0, 128.0, 255.0)"", ""277"": ""3"", ""347"": ""b'\\xff\\xd8\\xff\\xdb\\x00C\\x00\\x08\\x06\\x06\\"", ""282"": ""28.346456654716977"", ""283"": ""28.346456654716977"", ""284"": ""1""}",208.5,49.73,0.4451,0.0,5.951,OK,8fd7f0103ca23e78,7452676e666fc717,4e92611bbc37e9dfcdd75164acd2d12ebd611b78d71c1f911431ee81cf806b2b,https://pathdb.cancerimagingarchive.net/system/files/wsi/ross/Osteosarcoma-UT/converted/Osteosarcoma-UT/Training-Set-2/set10/Case-48-P5-C23-34741-19829.tiff,http://pathdb.cancerimagingarchive.net/system/files/wsi/ross/Osteosarcoma-UT/converted/Osteosarcoma-UT/Training-Set-2/set10/Case-48-P5-C23-34741-19829.tiff
QC-028,P9-B12-1528-19097,P9,Non-Tumor,NON_TUMOR,TRUE,200,image/tiff,,128548,301,True,,a588b8d7b37070ee2a9293986d9e28893ee9b495d51d4a5fd42613f3bb6e78d9,TIFF(LE),49492a00,match,PIL/TiffImageFile,True,TIFF,1024,1024,3,RGB,8,False,"{""256"": ""1024"", ""257"": ""1024"", ""258"": ""(8, 8, 8)"", ""259"": ""7"", ""322"": ""256"", ""323"": ""256"", ""262"": ""6"", ""324"": ""(8, 8611, 14694, 21195, 33921, 38892, 42"", ""325"": ""(8603, 6083, 6501, 12726, 4971, 3305, 35"", ""296"": ""3"", ""274"": ""1"", ""339"": ""(1, 1, 1)"", ""532"": ""(0.0, 255.0, 128.0, 255.0, 128.0, 255.0)"", ""277"": ""3"", ""347"": ""b'\\xff\\xd8\\xff\\xdb\\x00C\\x00\\x08\\x06\\x06\\"", ""282"": ""28.346456654716977"", ""283"": ""28.346456654716977"", ""284"": ""1""}",225.93,43.06,0.7602,0.0,3.356,OK,ca1a1e5ede6a4a52,b168d9ab24a78f04,13e23ac72ba35dc5dd0c5c68742f8e1500bf41de6981c5a5caad4c7b6abee0d6,https://pathdb.cancerimagingarchive.net/system/files/wsi/ross/Osteosarcoma-UT/converted/Osteosarcoma-UT/Training-Set-2/set11/P9-B12-1528-19097.tiff,http://pathdb.cancerimagingarchive.net/system/files/wsi/ross/Osteosarcoma-UT/converted/Osteosarcoma-UT/Training-Set-2/set11/P9-B12-1528-19097.tiff
QC-029,P9-B12-29086-24068,P9,Non-Tumor,NON_TUMOR,TRUE,200,image/tiff,,183264,301,True,,0f7a4ccd54752848fc1d174771e4b76b9cb6e720dd39a9c537306d45c85fe4a8,TIFF(LE),49492a00,match,PIL/TiffImageFile,True,TIFF,1024,1024,3,RGB,8,False,"{""256"": ""1024"", ""257"": ""1024"", ""258"": ""(8, 8, 8)"", ""259"": ""7"", ""322"": ""256"", ""323"": ""256"", ""262"": ""6"", ""324"": ""(8, 9685, 18909, 26935, 34492, 44027, 51"", ""325"": ""(9677, 9224, 8026, 7557, 9535, 7196, 783"", ""296"": ""3"", ""274"": ""1"", ""339"": ""(1, 1, 1)"", ""532"": ""(0.0, 255.0, 128.0, 255.0, 128.0, 255.0)"", ""277"": ""3"", ""347"": ""b'\\xff\\xd8\\xff\\xdb\\x00C\\x00\\x08\\x06\\x06\\"", ""282"": ""28.346456654716977"", ""283"": ""28.346456654716977"", ""284"": ""1""}",155.35,49.14,0.0104,0.0,5.458,OK,f22d6df0c20d09be,830c7be58d080c0c,d7fc4106250912f56789e0fdea7d901240ad865b8dd444fa33214106fb0fb353,https://pathdb.cancerimagingarchive.net/system/files/wsi/ross/Osteosarcoma-UT/converted/Osteosarcoma-UT/Training-Set-1/set10/P9-B12-29086-24068.tiff,http://pathdb.cancerimagingarchive.net/system/files/wsi/ross/Osteosarcoma-UT/converted/Osteosarcoma-UT/Training-Set-1/set10/P9-B12-29086-24068.tiff
QC-030,P9-B34-32214-14627,P9,Non-Tumor,NON_TUMOR,TRUE,200,image/tiff,,268824,301,True,,de22c408840a8283a4b81812d1ee5729893da02356397239300d6a1e08d34864,TIFF(LE),49492a00,match,PIL/TiffImageFile,True,TIFF,1024,1024,3,RGB,8,False,"{""256"": ""1024"", ""257"": ""1024"", ""258"": ""(8, 8, 8)"", ""259"": ""7"", ""322"": ""256"", ""323"": ""256"", ""262"": ""6"", ""324"": ""(8, 13845, 24305, 33054, 45549, 59991, 7"", ""325"": ""(13837, 10460, 8749, 12495, 14442, 14300"", ""296"": ""3"", ""274"": ""1"", ""339"": ""(1, 1, 1)"", ""532"": ""(0.0, 255.0, 128.0, 255.0, 128.0, 255.0)"", ""277"": ""3"", ""347"": ""b'\\xff\\xd8\\xff\\xdb\\x00C\\x00\\x08\\x06\\x06\\"", ""282"": ""28.346456654716977"", ""283"": ""28.346456654716977"", ""284"": ""1""}",198.09,57.42,0.4712,0.0,6.174,OK,ce37cf0ea4644479,6669b2cdb7e191e1,800c1c9ee25a62e089f616fd429d1c2cb31d7da3772589929c5e51d19db071bb,https://pathdb.cancerimagingarchive.net/system/files/wsi/ross/Osteosarcoma-UT/converted/Osteosarcoma-UT/Training-Set-1/set11/P9-B34-32214-14627.tiff,http://pathdb.cancerimagingarchive.net/system/files/wsi/ross/Osteosarcoma-UT/converted/Osteosarcoma-UT/Training-Set-1/set11/P9-B34-32214-14627.tiff
QC-031,P9-B7-17824-13368,P9,Non-Tumor,NON_TUMOR,TRUE,200,image/tiff,,163024,301,True,,c0af96283792aeb90d5166d762d2fd2f978b375066c0857b6cfc60887cb99903,TIFF(LE),49492a00,match,PIL/TiffImageFile,True,TIFF,1024,1024,3,RGB,8,False,"{""256"": ""1024"", ""257"": ""1024"", ""258"": ""(8, 8, 8)"", ""259"": ""7"", ""322"": ""256"", ""323"": ""256"", ""262"": ""6"", ""324"": ""(8, 9984, 22803, 36099, 46752, 53941, 56"", ""325"": ""(9976, 12819, 13296, 10653, 7189, 2522, "", ""296"": ""3"", ""274"": ""1"", ""339"": ""(1, 1, 1)"", ""532"": ""(0.0, 255.0, 128.0, 255.0, 128.0, 255.0)"", ""277"": ""3"", ""347"": ""b'\\xff\\xd8\\xff\\xdb\\x00C\\x00\\x08\\x06\\x06\\"", ""282"": ""28.346456654716977"", ""283"": ""28.346456654716977"", ""284"": ""1""}",221.24,45.28,0.7237,0.0,4.339,OK,e61320e0b54f97ce,d4bd6454a62563af,16b9ed2e8d0a0d11c5f306a2f65e464ad08f493bd63a6a14ed63cb9740080ba3,https://pathdb.cancerimagingarchive.net/system/files/wsi/ross/Osteosarcoma-UT/converted/Osteosarcoma-UT/Training-Set-2/set12/P9-B7-17824-13368.tiff,http://pathdb.cancerimagingarchive.net/system/files/wsi/ross/Osteosarcoma-UT/converted/Osteosarcoma-UT/Training-Set-2/set12/P9-B7-17824-13368.tiff
