qc_row_id,pathdb_image_id,source_filename,group,source_label,canonical_label,trainable,image_url,selection_reason
QC-001,Case-3-A15-38074-15813,Case 3 A15-38074-15813,Case-3,viable: non-viable,MIXED_VIABLE_NECROTIC,FALSE,http://pathdb.cancerimagingarchive.net/system/files/wsi/ross/Osteosarcoma-UT/converted/Osteosarcoma-UT/Training-Set-1/set2/Case-3-A15-38074-15813.tiff,MIXED (excluded-from-training) representation: Case-3
QC-002,Case-3-A13-29731-5963,Case 3 A13-29731-5963,Case-3,Non-Viable-Tumor,NECROSIS,TRUE,http://pathdb.cancerimagingarchive.net/system/files/wsi/ross/Osteosarcoma-UT/converted/Osteosarcoma-UT/Training-Set-1/set1/Case-3-A13-29731-5963.tiff,group x class coverage: Case-3 x NECROSIS (171 available)
QC-003,Case-3-A7-31801-6579,Case 3 A7-31801-6579,Case-3,Non-Viable-Tumor,NECROSIS,TRUE,http://pathdb.cancerimagingarchive.net/system/files/wsi/ross/Osteosarcoma-UT/converted/Osteosarcoma-UT/Training-Set-1/set3/Case-3-A7-31801-6579.tiff,group x class coverage: Case-3 x NECROSIS (171 available)
QC-004,Case-3-A10-6747-12959,Case 3 A10-6747-12959,Case-3,Non-Tumor,NON_TUMOR,TRUE,http://pathdb.cancerimagingarchive.net/system/files/wsi/ross/Osteosarcoma-UT/converted/Osteosarcoma-UT/Training-Set-2/set1/Case-3-A10-6747-12959.tiff,group x class coverage: Case-3 x NON_TUMOR (110 available)
QC-005,Case-3-A17-12247-30984,Case 3 A17-12247-30984,Case-3,Non-Tumor,NON_TUMOR,TRUE,http://pathdb.cancerimagingarchive.net/system/files/wsi/ross/Osteosarcoma-UT/converted/Osteosarcoma-UT/Training-Set-2/set2/Case-3-A17-12247-30984.tiff,group x class coverage: Case-3 x NON_TUMOR (110 available)
QC-006,Case-3-A18-9485-39729,Case 3 A18-9485-39729,Case-3,Non-Tumor,NON_TUMOR,TRUE,http://pathdb.cancerimagingarchive.net/system/files/wsi/ross/Osteosarcoma-UT/converted/Osteosarcoma-UT/Training-Set-2/set3/Case-3-A18-9485-39729.tiff,source-folder-set coverage: Training-Set-2/set3
QC-007,Case-3-A12-37374-17669,Case 3 A12-37374-17669,Case-3,Viable,VIABLE_TUMOR,TRUE,http://pathdb.cancerimagingarchive.net/system/files/wsi/ross/Osteosarcoma-UT/converted/Osteosarcoma-UT/Training-Set-1/set1/Case-3-A12-37374-17669.tiff,group x class coverage: Case-3 x VIABLE_TUMOR (3 available)
QC-008,Case-3-A12-37793-17155,Case 3 A12-37793-17155,Case-3,Viable,VIABLE_TUMOR,TRUE,http://pathdb.cancerimagingarchive.net/system/files/wsi/ross/Osteosarcoma-UT/converted/Osteosarcoma-UT/Training-Set-1/set1/Case-3-A12-37793-17155.tiff,group x class coverage: Case-3 x VIABLE_TUMOR (3 available)
QC-009,Case-4-C34-34338-25165,Case 4 C34-34338-25165,Case-4,viable: non-viable,MIXED_VIABLE_NECROTIC,FALSE,http://pathdb.cancerimagingarchive.net/system/files/wsi/ross/Osteosarcoma-UT/converted/Osteosarcoma-UT/Training-Set-1/set5/Case-4-C34-34338-25165.tiff,MIXED (excluded-from-training) representation: Case-4
QC-010,Case-4-C21-34899-31136,Case 4 C21-34899-31136,Case-4,Non-Viable-Tumor,NECROSIS,TRUE,http://pathdb.cancerimagingarchive.net/system/files/wsi/ross/Osteosarcoma-UT/converted/Osteosarcoma-UT/Training-Set-1/set3/Case-4-C21-34899-31136.tiff,group x class coverage: Case-4 x NECROSIS (90 available)
QC-011,Case-4-C29-31369-33022,Case 4 C29-31369-33022,Case-4,Non-Viable-Tumor,NECROSIS,TRUE,http://pathdb.cancerimagingarchive.net/system/files/wsi/ross/Osteosarcoma-UT/converted/Osteosarcoma-UT/Training-Set-1/set5/Case-4-C29-31369-33022.tiff,group x class coverage: Case-4 x NECROSIS (90 available)
QC-012,Case-4-C48-8852-15092,Case 4 C48-8852-15092,Case-4,Non-Tumor,NON_TUMOR,TRUE,http://pathdb.cancerimagingarchive.net/system/files/wsi/ross/Osteosarcoma-UT/converted/Osteosarcoma-UT/Training-Set-2/set6/Case-4-C48-8852-15092.tiff,group x class coverage: Case-4 x NON_TUMOR (78 available)
QC-013,Case-4-C48-9825-35299,Case 4 C48-9825-35299,Case-4,Non-Tumor,NON_TUMOR,TRUE,http://pathdb.cancerimagingarchive.net/system/files/wsi/ross/Osteosarcoma-UT/converted/Osteosarcoma-UT/Training-Set-2/set6/Case-4-C48-9825-35299.tiff,group x class coverage: Case-4 x NON_TUMOR (78 available)
QC-014,Case-4-C22-22350-18241,Case 4 C22-22350-18241,Case-4,Viable,VIABLE_TUMOR,TRUE,http://pathdb.cancerimagingarchive.net/system/files/wsi/ross/Osteosarcoma-UT/converted/Osteosarcoma-UT/Training-Set-2/set4/Case-4-C22-22350-18241.tiff,group x class coverage: Case-4 x VIABLE_TUMOR (87 available)
QC-015,Case-4-C27-32061-22260,Case 4 C27-32061-22260,Case-4,Viable,VIABLE_TUMOR,TRUE,http://pathdb.cancerimagingarchive.net/system/files/wsi/ross/Osteosarcoma-UT/converted/Osteosarcoma-UT/Training-Set-1/set4/Case-4-C27-32061-22260.tiff,source-folder-set coverage: Training-Set-1/set4
QC-016,Case-4-C28-41935-19673,Case 4 C28-41935-19673,Case-4,Viable,VIABLE_TUMOR,TRUE,http://pathdb.cancerimagingarchive.net/system/files/wsi/ross/Osteosarcoma-UT/converted/Osteosarcoma-UT/Training-Set-1/set5/Case-4-C28-41935-19673.tiff,group x class coverage: Case-4 x VIABLE_TUMOR (87 available)
QC-017,Case-4-C29-23938-15097,Case 4 C29-23938-15097,Case-4,Viable,VIABLE_TUMOR,TRUE,http://pathdb.cancerimagingarchive.net/system/files/wsi/ross/Osteosarcoma-UT/converted/Osteosarcoma-UT/Training-Set-2/set5/Case-4-C29-23938-15097.tiff,source-folder-set coverage: Training-Set-2/set5
QC-018,Case-48-P5-C18-23684-14239,Case 48 - P5 C18-23684-14239,Case-48,viable: non-viable,MIXED_VIABLE_NECROTIC,FALSE,http://pathdb.cancerimagingarchive.net/system/files/wsi/ross/Osteosarcoma-UT/converted/Osteosarcoma-UT/Training-Set-2/set8/Case-48-P5-C18-23684-14239.tiff,MIXED (excluded-from-training) representation: Case-48
QC-019,Case-48-P5-C13-24121-14200,Case 48 - P5 C13-24121-14200,Case-48,Non-Viable-Tumor,NECROSIS,TRUE,http://pathdb.cancerimagingarchive.net/system/files/wsi/ross/Osteosarcoma-UT/converted/Osteosarcoma-UT/Training-Set-2/set6/Case-48-P5-C13-24121-14200.tiff,group x class coverage: Case-48 x NECROSIS (2 available)
QC-020,Case-48-P5-C13-46592-17295,Case 48 - P5 C13-46592-17295,Case-48,Non-Viable-Tumor,NECROSIS,TRUE,http://pathdb.cancerimagingarchive.net/system/files/wsi/ross/Osteosarcoma-UT/converted/Osteosarcoma-UT/Training-Set-1/set6/Case-48-P5-C13-46592-17295.tiff,group x class coverage: Case-48 x NECROSIS (2 available)
QC-021,Case-48-P5-C15-17885-28625,Case 48 - P5 C15-17885-28625,Case-48,Non-Tumor,NON_TUMOR,TRUE,http://pathdb.cancerimagingarchive.net/system/files/wsi/ross/Osteosarcoma-UT/converted/Osteosarcoma-UT/Training-Set-2/set7/Case-48-P5-C15-17885-28625.tiff,group x class coverage: Case-48 x NON_TUMOR (136 available)
QC-022,Case-48-P5-C21-19402-23915,Case 48 - P5 C21-19402-23915,Case-48,Non-Tumor,NON_TUMOR,TRUE,http://pathdb.cancerimagingarchive.net/system/files/wsi/ross/Osteosarcoma-UT/converted/Osteosarcoma-UT/Training-Set-2/set9/Case-48-P5-C21-19402-23915.tiff,group x class coverage: Case-48 x NON_TUMOR (136 available)
QC-023,Case-48-P5-C16-43159-11972,Case 48 - P5 C16-43159-11972,Case-48,Viable,VIABLE_TUMOR,TRUE,http://pathdb.cancerimagingarchive.net/system/files/wsi/ross/Osteosarcoma-UT/converted/Osteosarcoma-UT/Training-Set-1/set7/Case-48-P5-C16-43159-11972.tiff,source-folder-set coverage: Training-Set-1/set7
QC-024,Case-48-P5-C17-19137-20611,Case 48 - P5 C17-19137-20611,Case-48,Viable,VIABLE_TUMOR,TRUE,http://pathdb.cancerimagingarchive.net/system/files/wsi/ross/Osteosarcoma-UT/converted/Osteosarcoma-UT/Training-Set-2/set7/Case-48-P5-C17-19137-20611.tiff,group x class coverage: Case-48 x VIABLE_TUMOR (202 available)
QC-025,Case-48-P5-C19-41884-18067,Case 48 - P5 C19-41884-18067,Case-48,Viable,VIABLE_TUMOR,TRUE,http://pathdb.cancerimagingarchive.net/system/files/wsi/ross/Osteosarcoma-UT/converted/Osteosarcoma-UT/Training-Set-1/set8/Case-48-P5-C19-41884-18067.tiff,source-folder-set coverage: Training-Set-1/set8
QC-026,Case-48-P5-C22-46134-22320,Case 48 - P5 C22-46134-22320,Case-48,Viable,VIABLE_TUMOR,TRUE,http://pathdb.cancerimagingarchive.net/system/files/wsi/ross/Osteosarcoma-UT/converted/Osteosarcoma-UT/Training-Set-1/set9/Case-48-P5-C22-46134-22320.tiff,source-folder-set coverage: Training-Set-1/set9
QC-027,Case-48-P5-C23-34741-19829,Case 48 - P5 C23-34741-19829,Case-48,Viable,VIABLE_TUMOR,TRUE,http://pathdb.cancerimagingarchive.net/system/files/wsi/ross/Osteosarcoma-UT/converted/Osteosarcoma-UT/Training-Set-2/set10/Case-48-P5-C23-34741-19829.tiff,group x class coverage: Case-48 x VIABLE_TUMOR (202 available)
QC-028,P9-B12-1528-19097,P9 B12-1528-19097,P9,Non-Tumor,NON_TUMOR,TRUE,http://pathdb.cancerimagingarchive.net/system/files/wsi/ross/Osteosarcoma-UT/converted/Osteosarcoma-UT/Training-Set-2/set11/P9-B12-1528-19097.tiff,group x class coverage: P9 x NON_TUMOR (212 available)
QC-029,P9-B12-29086-24068,P9 B12-29086-24068,P9,Non-Tumor,NON_TUMOR,TRUE,http://pathdb.cancerimagingarchive.net/system/files/wsi/ross/Osteosarcoma-UT/converted/Osteosarcoma-UT/Training-Set-1/set10/P9-B12-29086-24068.tiff,group x class coverage: P9 x NON_TUMOR (212 available)
QC-030,P9-B34-32214-14627,P9 B34-32214-14627,P9,Non-Tumor,NON_TUMOR,TRUE,http://pathdb.cancerimagingarchive.net/system/files/wsi/ross/Osteosarcoma-UT/converted/Osteosarcoma-UT/Training-Set-1/set11/P9-B34-32214-14627.tiff,source-folder-set coverage: Training-Set-1/set11
QC-031,P9-B7-17824-13368,P9 B7-17824-13368,P9,Non-Tumor,NON_TUMOR,TRUE,http://pathdb.cancerimagingarchive.net/system/files/wsi/ross/Osteosarcoma-UT/converted/Osteosarcoma-UT/Training-Set-2/set12/P9-B7-17824-13368.tiff,source-folder-set coverage: Training-Set-2/set12
